user_id,password,fname,lname,email,phone,company_afm
100000,ildbocxlzj,Debbie,Dean,debbie_dean@example.com,6923526532,
100001,csbyeaqiix,Bertha,Wade,bertha_wade@example.com,6981583165,
100002,iltlqldouf,Richard,Chapple,richard_chapple@example.com,6970785312,
100003,crabvbktot,Nell,Belcher,nell_belcher@example.com,6951490574,
100004,fbeyhelwkb,Roberto,Dicarlo,roberto_dicarlo@example.com,6998654251,
100005,bqmolzvhax,Scott,Callaghan,scott_callaghan@example.com,6956190229,
100006,ustdsbpuul,Soon,Vachon,soon_vachon@example.com,6961099984,
100007,agiuhbzvrt,Cherie,Smith,cherie_smith@example.com,6910828779,
100008,bwpwoelrrx,Damon,Williams,damon_williams@example.com,6972372769,
100009,qiudhxncsf,Peggy,Audette,peggy_audette@example.com,6943424535,
100010,wlqdceovfh,Betty,Rivera,betty_rivera@example.com,6909815458,
100011,yjvqwmbkdl,Susan,Nance,susan_nance@example.com,6925818019,
100012,sbderccimq,Jessica,Bartley,jessica_bartley@example.com,6989428258,
100013,skgoaspmda,Bernice,Garcia,bernice_garcia@example.com,6939911887,
100014,xuccemtoat,Leslie,Pierce,leslie_pierce@example.com,6978197234,
100015,lvgnlbpfoi,Vernon,Osborne,vernon_osborne@example.com,6975177483,
100016,skyyiohazf,Bonnie,Barnett,bonnie_barnett@example.com,6926057036,
100017,blqmlvlmlb,Joan,Fawbush,joan_fawbush@example.com,6985252075,
100018,nhdkdiqngy,Matthew,Rios,matthew_rios@example.com,6970158744,123456789
100019,faiuevlaed,Cora,Robertson,cora_robertson@example.com,6967279654,
100020,loippvbfzq,James,Burnett,james_burnett@example.com,6973961008,
100021,pajktyszyv,Jacqueline,Gillis,jacqueline_gillis@example.com,6933872656,
100022,nnqtldotsj,Chris,Larkins,chris_larkins@example.com,6983097812,
100023,rrcxhvponp,Derrick,Robbins,derrick_robbins@example.com,6951678977,
100024,jblrmwlsls,Cesar,Hanna,cesar_hanna@example.com,6949906630,
100025,berurjhrty,Mary,Blough,mary_blough@example.com,6928292768,
100026,izoxoecknn,Pearl,Bender,pearl_bender@example.com,6941110388,
100027,spffdbboom,Eric,Treisch,eric_treisch@example.com,6925862816,
100028,bzygennvxk,Edward,Frisby,edward_frisby@example.com,6987432813,
100029,kvzlokegvb,Kenneth,Wilson,kenneth_wilson@example.com,6919306866,123456789
100030,lmdmzqlyta,Clair,Starr,clair_starr@example.com,6942234673,
100031,nsysdhgxim,Donald,Madison,donald_madison@example.com,6939802844,
100032,oqrcutfjxn,Carolyn,Reed,carolyn_reed@example.com,6953432138,
100033,nwjwhwcaik,Christian,Gove,christian_gove@example.com,6921299048,
100034,dmecaucyfv,Jesse,Amaya,jesse_amaya@example.com,6997043816,
100035,keedluoios,Karyl,Cedeno,karyl_cedeno@example.com,6987662123,
100036,wzjblufbji,Frankie,Tillis,frankie_tillis@example.com,6975496615,
100037,sueoowurpj,Cherie,Hawkins,cherie_hawkins@example.com,6914992315,
100038,jtkqzmxuxt,Darlene,Lewis,darlene_lewis@example.com,6960821860,
100039,uhjbktncuz,Anthony,Besser,anthony_besser@example.com,6970004781,
100040,nwhvsoxrys,Carol,Smith,carol_smith@example.com,6985810607,123456789
100041,xmnamzfszj,Rebecca,Zucco,rebecca_zucco@example.com,6968362499,
100042,zbgevnetyk,Rafael,Sullivan,rafael_sullivan@example.com,6934158135,
100043,xqdgotoheo,Carol,Dickhoff,carol_dickhoff@example.com,6982269533,
100044,lgwddxlcho,Jennie,Jones,jennie_jones@example.com,6960233390,
100045,bqykbetinx,Lillian,Peller,lillian_peller@example.com,6957726794,
100046,nixmsdmbov,Oscar,Marlar,oscar_marlar@example.com,6932029428,123456789
100047,olwniwkkjg,Marilyn,Freeman,marilyn_freeman@example.com,6912453757,987654321
100048,khrrxhvwlc,John,Walker,john_walker@example.com,6928633048,
100049,xkrcmjgtne,Robert,Moradel,robert_moradel@example.com,6940716386,
100050,hyojlbwmzr,Cynthia,Ogle,cynthia_ogle@example.com,6947519701,123456789
100051,opjurhwrcx,Danna,Spain,danna_spain@example.com,6901703799,
100052,wxtpvqxste,Mary,Farley,mary_farley@example.com,6931979617,
100053,rjuiqrwgig,Stephen,Conley,stephen_conley@example.com,6989222489,
100054,ewxcjelten,Casandra,Battle,casandra_battle@example.com,6997665168,
100055,ddsdopfyzb,Elsie,Goldberg,elsie_goldberg@example.com,6954439467,
100056,yekilxiklc,Elizabeth,Graham,elizabeth_graham@example.com,6962468561,
100057,kxumkgvlmc,Jannie,Haynes,jannie_haynes@example.com,6905506140,
100058,tqfvwydqeu,Robert,Bonine,robert_bonine@example.com,6981233846,
100059,dolqzjjtam,Sarah,Clifford,sarah_clifford@example.com,6926251834,
100060,oxalzpgmmq,Neil,Banks,neil_banks@example.com,6974658627,
100061,zpcdodpnei,Samuel,Villar,samuel_villar@example.com,6928491099,
100062,vtrbvlaorc,Margarita,Torres,margarita_torres@example.com,6964857308,
100063,aobypvammj,Nelson,Sanchez,nelson_sanchez@example.com,6921015283,
100064,gxgfoptiee,Clayton,Clark,clayton_clark@example.com,6998453174,
100065,lnbntlbroa,Joanne,Beasley,joanne_beasley@example.com,6986058966,
100066,invuynbjdi,Gail,Hamilton,gail_hamilton@example.com,6981282948,
100067,gqpkonqgyt,Anita,Suarez,anita_suarez@example.com,6982348882,
100068,jcggjoymws,Laura,Harrier,laura_harrier@example.com,6903254763,
100069,kafmvdudev,Louella,Goodwin,louella_goodwin@example.com,6920833491,
100070,ydqmwuejgi,Timothy,Wood,timothy_wood@example.com,6937375258,
100071,pvpiojxtkg,Candice,Irving,candice_irving@example.com,6976122861,
100072,ilrpqmaasx,Latoya,Gray,latoya_gray@example.com,6906829053,
100073,xfnayqyols,Frank,Johnson,frank_johnson@example.com,6979556493,
100074,qabjzimzdw,Maia,Carrington,maia_carrington@example.com,6936286559,
100075,dcbomjvedn,Edwin,Saraiva,edwin_saraiva@example.com,6910927409,
100076,kcgkhxsigb,Irene,Schilling,irene_schilling@example.com,6973064706,
100077,uowosiviox,Annie,Torres,annie_torres@example.com,6944059591,
100078,xoujdrzccy,John,Ruderman,john_ruderman@example.com,6947748589,
100079,ydgqffkspz,Wendell,Elliot,wendell_elliot@example.com,6948823057,
100080,pcabmjmnmh,Nellie,Robinson,nellie_robinson@example.com,6905446604,
100081,yzdqucxofp,Charles,Deleon,charles_deleon@example.com,6909436430,
100082,jnpzsxewiq,Julia,Tongate,julia_tongate@example.com,6983332669,
100083,yogbtgpqvb,Judith,Wylie,judith_wylie@example.com,6981007693,
100084,afzsqpzfgy,Ebony,Calvin,ebony_calvin@example.com,6991826488,
100085,ttvvsxwzum,Walter,Kraft,walter_kraft@example.com,6954443656,
100086,dgdljgrfvl,Sue,Johns,sue_johns@example.com,6947245424,
100087,jspccuuvod,Robert,Woodruff,robert_woodruff@example.com,6971730713,
100088,thnazqxsfs,Mark,Riles,mark_riles@example.com,6908208884,
100089,fokisbokwh,Kenneth,Wilson,kenneth_wilson@example.com,6996733024,
100090,mscnqjpaxm,James,Mcmorris,james_mcmorris@example.com,6945976581,
100091,yxrfnmizvj,Karen,Phelps,karen_phelps@example.com,6927596482,
100092,ztendxcdaf,Mary,Gardner,mary_gardner@example.com,6977445088,
100093,szkbrfrceq,Twila,Hunt,twila_hunt@example.com,6934239423,
100094,ihkvulcuwc,Paul,Hull,paul_hull@example.com,6973630672,
100095,kqskyljwjb,Amanda,Ortega,amanda_ortega@example.com,6944759529,
100096,okebhqocku,Jessica,Brown,jessica_brown@example.com,6972316844,
100097,pjyapgrzne,Janice,Paredez,janice_paredez@example.com,6948471032,
100098,xyggosnezw,Virginia,Sansburn,virginia_sansburn@example.com,6951029828,
100099,vkxzaqvsjl,Jose,Kruger,jose_kruger@example.com,6977536219,
100100,dtwkegbhby,Giselle,Jones,giselle_jones@example.com,6931094404,
100101,cdnftfqirf,Austin,Miller,austin_miller@example.com,6977033205,
100102,igaftownwt,Beverly,Hedin,beverly_hedin@example.com,6918270229,
100103,kqzttsfhno,William,Thomsen,william_thomsen@example.com,6909055916,123456789
100104,cctdxvcatg,Alicia,Huffman,alicia_huffman@example.com,6950162640,
100105,bzvejzehaz,Francis,Reed,francis_reed@example.com,6988062791,
100106,yndpxmeotn,Linda,Tuck,linda_tuck@example.com,6997977827,
100107,lodrhavysb,Mildred,Greenough,mildred_greenough@example.com,6942623539,
100108,kydkslosds,Sharon,Bard,sharon_bard@example.com,6940003545,
100109,zawvkhihsb,Deborah,Ridge,deborah_ridge@example.com,6926965122,
100110,whpexbrtpj,Ryan,Johnson,ryan_johnson@example.com,6960740133,
100111,jdgddyqwer,Andrew,Messinger,andrew_messinger@example.com,6970082402,
100112,cvbzjxwulm,Guy,Bittner,guy_bittner@example.com,6981207343,
100113,ubjdwaetun,Taisha,Grober,taisha_grober@example.com,6911792968,
100114,flgzojdzve,Gregory,Deleon,gregory_deleon@example.com,6997652777,
100115,klvcgepylj,Ida,Counterman,ida_counterman@example.com,6945856990,
100116,eqxqvoveov,Ann,Haney,ann_haney@example.com,6966818802,
100117,fmnoqayzfh,Sarah,Carrero,sarah_carrero@example.com,6909921254,
100118,gvasrwpqxo,Brian,Besley,brian_besley@example.com,6909952576,
100119,woshudyddi,Ashley,Styers,ashley_styers@example.com,6922506191,
100120,mnyzssbgsw,Brian,Cody,brian_cody@example.com,6984346288,
100121,hvimveqype,Mary,Irons,mary_irons@example.com,6905200531,
100122,xwtjvrijgs,Roger,Sandoval,roger_sandoval@example.com,6931611333,
100123,wfsshpyxay,Geraldine,Boone,geraldine_boone@example.com,6930573075,
100124,djekgwiexv,John,Berry,john_berry@example.com,6914908609,
100125,qrudtvmidb,Juan,Bentley,juan_bentley@example.com,6925545072,
100126,hbqdvkbath,David,Abelman,david_abelman@example.com,6920445786,
100127,mwxlhvbdjv,Sarah,Magano,sarah_magano@example.com,6983523506,
100128,tjdhmhqeks,Eldora,Curtis,eldora_curtis@example.com,6989207614,
100129,saxolqnffq,Melissa,Ward,melissa_ward@example.com,6934061251,
100130,xzoxcjjgtx,Lisa,Kessler,lisa_kessler@example.com,6988845981,
100131,qzabyjwnzw,Cornelius,Mcwilliams,cornelius_mcwilliams@example.com,6993149482,
100132,hkiarlljzp,Lesley,Higgins,lesley_higgins@example.com,6960340542,
100133,hlumopoxyn,Anna,Moore,anna_moore@example.com,6901755350,
100134,dgwpscczxo,Russell,Deaton,russell_deaton@example.com,6965031675,
100135,gusuaagkol,Ken,Smith,ken_smith@example.com,6945858892,
100136,duxfmqnobd,James,Henry,james_henry@example.com,6970480675,
100137,wqxrhqjqdu,Michelle,Knackstedt,michelle_knackstedt@example.com,6961398195,
100138,bcknymxydf,Greta,Watson,greta_watson@example.com,6958943454,
100139,baktmmsdek,Janet,Miller,janet_miller@example.com,6986633563,
100140,gaypgzfkui,Margie,Jones,margie_jones@example.com,6946118928,
100141,ogjvpcfvla,Deanna,Hesselschward,deanna_hesselschward@example.com,6929763656,
100142,xnfvjhlrjo,Joshua,Guy,joshua_guy@example.com,6956115551,
100143,gxydubqgat,Wayne,Parsons,wayne_parsons@example.com,6944559488,
100144,ctzzipgkja,Daniel,Szewczyk,daniel_szewczyk@example.com,6937761711,
100145,wdexefrokg,James,Crow,james_crow@example.com,6907569964,
100146,dypcodqvxa,Danny,Jaime,danny_jaime@example.com,6971816833,
100147,aezyewugbu,April,Green,april_green@example.com,6911656870,123456789
100148,jkxlkvejux,Myrtle,Shrader,myrtle_shrader@example.com,6903941435,
100149,fzstjwtzni,Edward,Gilliam,edward_gilliam@example.com,6902038101,
100150,xaabuuyaoi,Sharon,Hadsall,sharon_hadsall@example.com,6991445689,
100151,jhzpeehdep,Shelia,Lacombe,shelia_lacombe@example.com,6953608432,
100152,qoodgtveoe,Vance,Mendoza,vance_mendoza@example.com,6900658818,
100153,ziqrewikdx,Donald,Thomas,donald_thomas@example.com,6927268963,
100154,zzetzvejfq,Cheryl,Patterson,cheryl_patterson@example.com,6905871133,987654321
100155,boditvbspn,Marie,Castaneda,marie_castaneda@example.com,6919289283,
100156,ijgaxapidd,Renae,Harshman,renae_harshman@example.com,6967839238,
100157,fxwuxtused,Eric,Kidd,eric_kidd@example.com,6920887321,
100158,bhvfwqfvhi,Kay,Rich,kay_rich@example.com,6985890396,123456789
100159,clwjkenkgm,Jose,Sanchez,jose_sanchez@example.com,6937016909,
100160,wcbskvhlnx,Michael,Houston,michael_houston@example.com,6904658676,
100161,uaiflxockq,Faye,Cocker,faye_cocker@example.com,6982964245,
100162,kbbsqojtju,Charles,Conrad,charles_conrad@example.com,6913330528,
100163,cpwbbcxhqe,Robert,Hall,robert_hall@example.com,6991090143,
100164,rraxkrwtci,Martha,Wilder,martha_wilder@example.com,6948681653,
100165,kyvlyhtrul,John,Ladd,john_ladd@example.com,6994445866,
100166,uhcxvtzglm,Elizabeth,Price,elizabeth_price@example.com,6983068494,
100167,pdwfeonwuy,Anita,Day,anita_day@example.com,6942884147,
100168,obytqvmuil,Richard,White,richard_white@example.com,6957453936,
100169,iomnolnkiz,William,Bell,william_bell@example.com,6957167149,
100170,gbhoudvzjm,Adam,Rosado,adam_rosado@example.com,6946711864,
100171,rcrnedjkjs,Kerry,Watkins,kerry_watkins@example.com,6987631775,123456789
100172,utkrppxujf,George,Taft,george_taft@example.com,6915819030,
100173,poojfnfbdw,Howard,Stein,howard_stein@example.com,6934813494,
100174,ywfvrfggoj,Alice,Frey,alice_frey@example.com,6925696712,
100175,qtvnpawusq,Kenneth,Luck,kenneth_luck@example.com,6941288384,
100176,ihaadmatvq,Laura,Huntington,laura_huntington@example.com,6933307551,123456789
100177,omvroccwsv,Clarence,Kent,clarence_kent@example.com,6990954603,
100178,ejzycfvkex,Scott,Rutherford,scott_rutherford@example.com,6983295486,
100179,uwmjynlvrr,Willie,Dathe,willie_dathe@example.com,6987832645,
100180,dcalxprjcn,Alicia,Mccombs,alicia_mccombs@example.com,6968551555,
100181,wumpzupurq,David,Guzman,david_guzman@example.com,6993270805,
100182,pzhgfquwhd,Malcolm,Bushnell,malcolm_bushnell@example.com,6904603958,
100183,dbrnuoagmr,Robert,Barger,robert_barger@example.com,6912953656,
100184,cpiwgamqyr,Cindy,Randall,cindy_randall@example.com,6931077742,
100185,undhemdxyz,Keira,Johnson,keira_johnson@example.com,6990241966,
100186,heggnsvxbr,Elmer,Degirolamo,elmer_degirolamo@example.com,6989567140,
100187,xwnknkabxq,Peggy,Kachmarsky,peggy_kachmarsky@example.com,6909884142,
100188,uthlmjcvxx,Angela,Reilly,angela_reilly@example.com,6939206355,
100189,tjdbvvpidv,Melisa,Carrico,melisa_carrico@example.com,6987766413,
100190,hxqprjatvw,Danielle,Robertson,danielle_robertson@example.com,6925129838,
100191,cunbdumukq,Carlos,Moore,carlos_moore@example.com,6945026150,123456789
100192,adgvjgcmqy,Cody,Wheatley,cody_wheatley@example.com,6981280436,
100193,spirrnkrnu,Leola,Rodriguez,leola_rodriguez@example.com,6922753658,
100194,cwxgbuzxak,Michael,Morey,michael_morey@example.com,6965485368,
100195,rpahketwhh,Harold,Jones,harold_jones@example.com,6927163545,
100196,eauxqzpqsm,Taylor,Cedar,taylor_cedar@example.com,6994073612,
100197,jsyzvgqwzj,Jody,Williams,jody_williams@example.com,6996700326,
100198,tlopvkawue,Kathryn,Grant,kathryn_grant@example.com,6928089306,
100199,nuqlzlkwxl,James,Payne,james_payne@example.com,6941096881,
100200,wlkgycatek,Patricia,Arruda,patricia_arruda@example.com,6982529287,
100201,ytaaddjstl,Barbara,Harris,barbara_harris@example.com,6956411273,
100202,tjftvygjaf,Lucia,Johnson,lucia_johnson@example.com,6914610616,
100203,fbrbyunyzn,Alexander,Gjelaj,alexander_gjelaj@example.com,6915695693,
100204,dqvxyacyfz,Ryan,Brady,ryan_brady@example.com,6938159144,
100205,hzeftakuhi,Marjorie,Ware,marjorie_ware@example.com,6903076084,
100206,kjghxduyyz,Christopher,Saroop,christopher_saroop@example.com,6976038357,
100207,qxhprbssgd,Jacob,Baxter,jacob_baxter@example.com,6963372378,
100208,iknujflont,Harriette,Dunn,harriette_dunn@example.com,6976942444,
100209,mngkbqittt,Alberto,Ralls,alberto_ralls@example.com,6915435685,
100210,cwqxgdcbjf,Eloise,Thompson,eloise_thompson@example.com,6908365031,
100211,krctkxywlo,Christine,Lupo,christine_lupo@example.com,6963926214,
100212,fibttlxaiw,Dennis,Simmons,dennis_simmons@example.com,6950328356,
100213,vfsbjjmvvu,Richard,Davis,richard_davis@example.com,6946701278,123456789
100214,ynymffdrlf,Penny,Gilmore,penny_gilmore@example.com,6937177043,
100215,wiksykbwpo,Stanley,Thomas,stanley_thomas@example.com,6936381552,
100216,ijksjoeeaq,Marcia,Hodgkin,marcia_hodgkin@example.com,6919470192,
100217,tzjknyfjrk,Charles,Salazar,charles_salazar@example.com,6914257080,
100218,bflojsqcpa,Sonya,Jaeger,sonya_jaeger@example.com,6988165198,
100219,uglspqmadk,Anita,Turner,anita_turner@example.com,6999512266,
100220,mbgdqbmlvi,William,Castello,william_castello@example.com,6937531643,
100221,vxwcamxloy,James,Kirkland,james_kirkland@example.com,6989207304,
100222,wzqxgibcfx,Alissa,Mann,alissa_mann@example.com,6913257737,
100223,disuvdszfo,Amy,Blocker,amy_blocker@example.com,6968103884,
100224,lpsgwroonp,Dana,Richey,dana_richey@example.com,6955822394,
100225,udbrhioknj,Louise,Smsith,louise_smsith@example.com,6997487705,
100226,agdthwptol,Mary,Cano,mary_cano@example.com,6982579556,
100227,uxdmbmkzbl,Michael,Johnson,michael_johnson@example.com,6960929306,
100228,ctlrmqrosn,Juanita,Rapelyea,juanita_rapelyea@example.com,6930075513,123456789
100229,hxbpqwglui,Krista,Cosgrove,krista_cosgrove@example.com,6905834082,
100230,rfgbmriexw,Kenneth,Lopez,kenneth_lopez@example.com,6982693550,
100231,kgyuauxakw,Kimberly,Walker,kimberly_walker@example.com,6934263632,
100232,sztirnqllu,Mattie,Stulce,mattie_stulce@example.com,6943653437,
100233,lxcbhreoeo,James,Henriques,james_henriques@example.com,6986794888,
100234,lkhvtcnnws,Kermit,Burt,kermit_burt@example.com,6993054308,
100235,edcuhigmtf,Jose,Mertz,jose_mertz@example.com,6954858146,
100236,psyvtftrxd,Kevin,Austin,kevin_austin@example.com,6925385271,
100237,zerqwjenhj,John,Damelio,john_damelio@example.com,6983904818,
100238,aalvuaniwy,Lorelei,Wing,lorelei_wing@example.com,6947458946,
100239,cyxpslzsqj,Kathryn,Lariviere,kathryn_lariviere@example.com,6918954592,
100240,dvgyaghgyx,David,Turley,david_turley@example.com,6921866274,
100241,mypwaqlcwm,Deloris,Goupil,deloris_goupil@example.com,6937466419,
100242,aitwxhlswf,Suzette,Rumley,suzette_rumley@example.com,6965878931,
100243,tlmaodflkn,Karen,Perkins,karen_perkins@example.com,6989345687,
100244,rpnzbjiqfw,John,Jansons,john_jansons@example.com,6914609954,
100245,fnmfjpqwou,Kelly,Eastham,kelly_eastham@example.com,6979509243,
100246,bxunigugvv,George,Mullins,george_mullins@example.com,6925132752,
100247,vtzbyqbkgi,Jorge,Perun,jorge_perun@example.com,6991752994,
100248,wnhtrroznl,John,Bradley,john_bradley@example.com,6935742291,
100249,asrpajtcqs,Scott,Hamby,scott_hamby@example.com,6938232212,
100250,zilnbekjbp,Stephan,Sanchez,stephan_sanchez@example.com,6974335026,
100251,qygenwwkxu,Michael,Shaw,michael_shaw@example.com,6978806973,
100252,vqdigbhpne,Michael,Urbina,michael_urbina@example.com,6941654263,
100253,amotdqjqie,Andrea,Tinker,andrea_tinker@example.com,6962947977,
100254,gpsnmtmqtk,Richard,Wilkinson,richard_wilkinson@example.com,6913781724,
100255,fsadsaaaxb,Susan,Smtih,susan_smtih@example.com,6965710174,
100256,pbdvlyydcp,Sun,Mugrage,sun_mugrage@example.com,6919581239,
100257,pqmlsrjtks,James,Adams,james_adams@example.com,6928251834,
100258,dvobkdrlgc,Ryan,Muniz,ryan_muniz@example.com,6940666931,
100259,iwcgzzdkvm,Hoa,Saine,hoa_saine@example.com,6938080798,
100260,ddefrdffdp,Charles,Johnson,charles_johnson@example.com,6982700398,
100261,ewnirttebi,Virginia,Schweitzer,virginia_schweitzer@example.com,6916400391,
100262,dnbwdcbdsa,Sharon,Freyermuth,sharon_freyermuth@example.com,6971772408,
100263,efvugytpfm,Aimee,Strickland,aimee_strickland@example.com,6908767065,
100264,plciywmkmc,Jerry,Reel,jerry_reel@example.com,6926744659,
100265,ibuftkhscj,Charles,Candelaria,charles_candelaria@example.com,6994415195,
100266,jhpmlsinng,Lawrence,Mejia,lawrence_mejia@example.com,6922274507,
100267,tqsknrwilr,Kathleen,Landon,kathleen_landon@example.com,6918617240,
100268,vqsyjszksr,Samantha,Walsh,samantha_walsh@example.com,6973519598,
100269,cvlreaaimm,Larry,Bryant,larry_bryant@example.com,6900441453,
100270,lwedziqxof,Cynthia,Risher,cynthia_risher@example.com,6981067543,
100271,ytrbokdkej,Kenneth,Clayton,kenneth_clayton@example.com,6978313924,
100272,xwwghnivna,Jesus,Perez,jesus_perez@example.com,6947380978,
100273,robulovsgo,Jeremy,Wolff,jeremy_wolff@example.com,6953646410,
100274,dbxibxmsqa,Christine,Gammon,christine_gammon@example.com,6963877618,
100275,dmysjapyme,Betty,Mchenry,betty_mchenry@example.com,6970947956,
100276,bitibndhbs,Kimberly,Laureano,kimberly_laureano@example.com,6957991128,987654321
100277,oegmbtlmgj,Nicole,Knupp,nicole_knupp@example.com,6911805632,
100278,ixdmiztnff,Debra,Abad,debra_abad@example.com,6950145031,
100279,hqnzexstqi,Marie,May,marie_may@example.com,6912084149,
100280,mzjsgizrsv,Rose,Turman,rose_turman@example.com,6940636772,
100281,oeugbjfpar,Shaun,Whalen,shaun_whalen@example.com,6927053843,
100282,whiodlfxcp,Loretta,Burns,loretta_burns@example.com,6967706210,
100283,hkfjfubxfp,Nina,Davison,nina_davison@example.com,6952754682,
100284,immwspjxnt,James,Howard,james_howard@example.com,6955096064,
100285,vfnevgqtim,Andre,Matthews,andre_matthews@example.com,6998849756,
100286,hsuipobjbx,James,Avila,james_avila@example.com,6915582370,
100287,zirvxkopvj,Christine,Pope,christine_pope@example.com,6916203723,
100288,teajlhigwm,Jeremy,Weller,jeremy_weller@example.com,6990065493,
100289,xdtaoheypn,Wilda,Scales,wilda_scales@example.com,6975665772,
100290,hkkakbcana,Regina,Castro,regina_castro@example.com,6972308754,
100291,vvhfzkjfav,Jessica,Quiroz,jessica_quiroz@example.com,6974181250,123456789
100292,srazidqovt,Francis,Johnson,francis_johnson@example.com,6942760536,
100293,aaxyaujcfe,Daniella,Miyamoto,daniella_miyamoto@example.com,6989210980,
100294,ftggybdqar,Virgil,Shannon,virgil_shannon@example.com,6935933126,
100295,hyhosegoly,Wilma,Young,wilma_young@example.com,6928877896,
100296,mxcrgtkpmz,Mary,Lopez,mary_lopez@example.com,6958071321,
100297,xyodchpgzz,Jessie,Harden,jessie_harden@example.com,6981714038,
100298,juzstqvxbc,James,Pendleton,james_pendleton@example.com,6932216717,
100299,rydedkdgrc,Mary,Cook,mary_cook@example.com,6953759163,
100300,ocsmxzvber,Brenda,Sheppard,brenda_sheppard@example.com,6975021664,
100301,queqxleash,Suzanne,Armbruster,suzanne_armbruster@example.com,6911334866,
100302,afdzkzgneh,Anthony,Kinney,anthony_kinney@example.com,6971069037,123456789
100303,awnttnhwsj,Courtney,Ballard,courtney_ballard@example.com,6917556943,
100304,ljbennnjeg,Elissa,Almazan,elissa_almazan@example.com,6986906913,
100305,qhxdfwwhwr,Dustin,Samuels,dustin_samuels@example.com,6969059963,
100306,hpswlddhcs,Roseline,Hufford,roseline_hufford@example.com,6911268822,
100307,rfsbuhgwdh,John,Wolfe,john_wolfe@example.com,6926824254,
100308,yrsrqvowff,Terry,Williams,terry_williams@example.com,6948217243,
100309,azbpuppops,Nathan,Schleusner,nathan_schleusner@example.com,6902379129,
100310,hoyyslbkyf,Richard,Collins,richard_collins@example.com,6907074369,
100311,noowmwifws,Scott,Wright,scott_wright@example.com,6914880537,
100312,eqruzkownd,Aimee,Crawford,aimee_crawford@example.com,6987766596,
100313,tizikerrlc,Mary,Strackbein,mary_strackbein@example.com,6964184442,
100314,axuivtzvus,Carole,Freehan,carole_freehan@example.com,6982004760,
100315,xoyqsjizzp,Loretta,Christian,loretta_christian@example.com,6905069698,
100316,litbqempbh,Renee,Perrine,renee_perrine@example.com,6938424292,
100317,onabvxvuop,Maria,West,maria_west@example.com,6905612848,
100318,bhjrepvyrf,Boyd,Diaz,boyd_diaz@example.com,6987889663,
100319,ltzxzakdit,Elinor,Boggs,elinor_boggs@example.com,6977460575,
100320,xznwznpxyp,Elizabeth,Eitniear,elizabeth_eitniear@example.com,6959105500,
100321,pmbmerkxon,Charles,Voit,charles_voit@example.com,6961781794,
100322,yojzqbbrmo,Viola,Hicks,viola_hicks@example.com,6951532192,
100323,kwlmptrxta,Jennifer,Miller,jennifer_miller@example.com,6973933365,
100324,vijqybcvws,Kimberly,Isaac,kimberly_isaac@example.com,6951756727,
100325,ztdcohmvwb,Jasmine,Higgins,jasmine_higgins@example.com,6980926633,
100326,uefofeqmry,Danny,Avalos,danny_avalos@example.com,6975873291,
100327,glayraxnnm,Ronnie,Roberson,ronnie_roberson@example.com,6927831662,
100328,wbtisfgayr,Adrian,Coleman,adrian_coleman@example.com,6930661878,
100329,raoifpjrow,Carol,Gronewald,carol_gronewald@example.com,6902638729,
100330,tpxbmjlwld,Jeremiah,Summers,jeremiah_summers@example.com,6917983770,
100331,zenlvhnytj,Anita,Little,anita_little@example.com,6988154090,
100332,ilxofvpnom,Robin,Jones,robin_jones@example.com,6932635704,
100333,yadizkmjbp,Kimberly,Davis,kimberly_davis@example.com,6996943881,
100334,koysedcbcd,Stephanie,Seidel,stephanie_seidel@example.com,6947589243,
100335,qqkjqtrvjs,Lynn,Fyffe,lynn_fyffe@example.com,6975788798,
100336,hwntgxflzw,Debrah,Jaime,debrah_jaime@example.com,6991455324,987654321
100337,shvjrvrith,Joseph,Stuble,joseph_stuble@example.com,6949822899,
100338,moibtxnmrb,Josephine,Hayden,josephine_hayden@example.com,6987055008,
100339,kwntcjjibl,Stephen,Mills,stephen_mills@example.com,6994944706,
100340,hjdbgikaxf,Mildred,Munson,mildred_munson@example.com,6987505217,
100341,fkgutukfuf,Maria,Maha,maria_maha@example.com,6918480424,
100342,sayxahqrgv,Rubin,Arteaga,rubin_arteaga@example.com,6941542105,
100343,vdgqxivxxz,Eda,Fletcher,eda_fletcher@example.com,6976527795,123456789
100344,ktjurndffy,Shirley,Holland,shirley_holland@example.com,6904956983,
100345,bpafcgwevo,Robert,Whitt,robert_whitt@example.com,6939469231,
100346,kakuprigfl,Amelia,Tom,amelia_tom@example.com,6954342410,
100347,qgjgotsvre,Charles,Ward,charles_ward@example.com,6955127272,
100348,uqdldojrkw,Jackie,Bunch,jackie_bunch@example.com,6987539223,
100349,npljmwnivt,Lorrie,Thompson,lorrie_thompson@example.com,6959063311,
100350,evidtihvdo,Kathleen,Wirtz,kathleen_wirtz@example.com,6990670634,
100351,jnsxpohfkv,Ned,Swartz,ned_swartz@example.com,6938380469,
100352,syfdskoalj,Hobert,Smith,hobert_smith@example.com,6967281868,
100353,pvjlrvznzk,Scott,Crowder,scott_crowder@example.com,6931215269,987654321
100354,mtlvhngxmn,Randell,Wood,randell_wood@example.com,6973103505,
100355,wkjnhjllzf,Jesse,Martinez,jesse_martinez@example.com,6914243950,
100356,ayzwiufwqs,Robert,Garner,robert_garner@example.com,6901024502,
100357,loxrutrzfa,John,Nettles,john_nettles@example.com,6970316860,
100358,drnctkopvr,Lydia,Bronner,lydia_bronner@example.com,6950328121,
100359,yxngyatzvh,Diane,Guffey,diane_guffey@example.com,6967383614,
100360,xjwofaxapf,Lizzie,Secrease,lizzie_secrease@example.com,6930037643,
100361,evufuwkiiw,Naomi,Carollo,naomi_carollo@example.com,6936002875,
100362,ljediekfvu,Daniel,Edgerly,daniel_edgerly@example.com,6996001185,
100363,mbfrigvtio,Kenneth,Winstead,kenneth_winstead@example.com,6950586261,
100364,dfmfdwasrh,Amado,Beavers,amado_beavers@example.com,6997673352,
100365,orfmoqhymh,Tommy,Mckinney,tommy_mckinney@example.com,6917660194,
100366,tywebahlcn,Peter,Ellis,peter_ellis@example.com,6937034345,123456789
100367,prmqdrwxdk,Derek,Turney,derek_turney@example.com,6988372554,
100368,dlozsiohic,Sandra,Conant,sandra_conant@example.com,6944808907,
100369,wfgsmahrug,Russell,Chisolm,russell_chisolm@example.com,6916698994,
100370,ccogpqrkpk,Tammy,Higa,tammy_higa@example.com,6980379032,
100371,wfizhezpwn,Rodney,Penny,rodney_penny@example.com,6914445904,
100372,jhbudqbpgf,Mary,Sundberg,mary_sundberg@example.com,6927392560,
100373,vgppfmnqlb,Kevin,Arias,kevin_arias@example.com,6928236894,
100374,evjgjgjtgs,Brandon,Hix,brandon_hix@example.com,6997648075,
100375,siuxlxdhal,Jason,Russell,jason_russell@example.com,6909439601,
100376,yxkexyzeeg,Helen,Bell,helen_bell@example.com,6994079607,
100377,wzdhsgckpt,Alexander,Falgoust,alexander_falgoust@example.com,6963725215,
100378,gmqpktupvy,Theodore,Soper,theodore_soper@example.com,6908969758,
100379,hkkorovjqc,Tanya,Engfer,tanya_engfer@example.com,6934165478,
100380,yokpcbwgss,Kenneth,Guevara,kenneth_guevara@example.com,6961693858,
100381,zecpzlhjtp,Jesse,Shriver,jesse_shriver@example.com,6947438437,
100382,zcsdokdxhj,Jane,Jackson,jane_jackson@example.com,6996619579,
100383,dxyvrwhhqj,Hans,Schmitt,hans_schmitt@example.com,6992304664,
100384,kclgfkoviz,Michael,Welch,michael_welch@example.com,6944913519,
100385,dgarpdkdwn,Alton,Westphal,alton_westphal@example.com,6971184728,
100386,ckaeqyjuoe,Donna,Chavez,donna_chavez@example.com,6935495254,
100387,uaooeksrse,William,Madlung,william_madlung@example.com,6934546930,
100388,eeqdaegsky,Mario,Jones,mario_jones@example.com,6931457843,
100389,bcyehttyqf,William,Kiedrowski,william_kiedrowski@example.com,6979975321,
100390,hmhmsltzhs,Sean,Morin,sean_morin@example.com,6943013014,
100391,yrdbqybknt,Donnie,Vranicar,donnie_vranicar@example.com,6964903605,
100392,hpmrvetzbq,Barb,Mccarthy,barb_mccarthy@example.com,6981561502,987654321
100393,xugvpfngfg,Amanda,Smith,amanda_smith@example.com,6939140254,
100394,dbszgihqge,Crystal,Walat,crystal_walat@example.com,6993771715,
100395,wdqaszrgxh,Sherry,Smith,sherry_smith@example.com,6917936187,
100396,qxuuytwqpv,Wayne,Hoffer,wayne_hoffer@example.com,6906801801,
100397,ebpxvifzzw,Scott,Johnson,scott_johnson@example.com,6904526862,
100398,omerdkaitb,Aaron,Greenman,aaron_greenman@example.com,6969406246,
100399,cwrzmuulmm,Tomas,Dewitt,tomas_dewitt@example.com,6913273496,
100400,hnjqmbknvs,Eugene,Burns,eugene_burns@example.com,6971525098,
100401,iiwhogcabd,Gerald,Tripp,gerald_tripp@example.com,6958616374,
100402,pqisubpjvl,Barbara,Morse,barbara_morse@example.com,6907581082,
100403,dousskwpav,Larry,Gallagher,larry_gallagher@example.com,6913958974,
100404,oidvipvixj,John,Records,john_records@example.com,6976220361,
100405,gijpncdevh,Marie,Roode,marie_roode@example.com,6911918421,
100406,sdmepdairm,Judy,Funk,judy_funk@example.com,6947752507,
100407,ytpswiavwc,Colleen,Holstine,colleen_holstine@example.com,6966595236,
100408,jouipukvsc,Wayne,Talty,wayne_talty@example.com,6904134167,
100409,kvkrkuaazb,Ivan,Fonceca,ivan_fonceca@example.com,6912365752,
100410,vylnlafrtd,George,Helton,george_helton@example.com,6958409192,
100411,xkjdpipspc,Betty,Cook,betty_cook@example.com,6996142676,987654321
100412,mrbapejljr,Geneva,Gray,geneva_gray@example.com,6959116862,
100413,cohkbexlcj,William,Crum,william_crum@example.com,6972106859,
100414,hckgempzun,Amanda,Hardin,amanda_hardin@example.com,6997117159,
100415,crykpqpwtz,Virginia,Gonzalez,virginia_gonzalez@example.com,6904113181,
100416,metemodbqy,Christina,Krumins,christina_krumins@example.com,6959774669,
100417,mkrguiafbw,Krista,Crosby,krista_crosby@example.com,6988153458,
100418,wagnrkqlud,Ericka,Coulter,ericka_coulter@example.com,6927213527,
100419,jhxkxoexpy,Anne,Carpenter,anne_carpenter@example.com,6997267563,
100420,moudtlcjrc,Richard,Wellman,richard_wellman@example.com,6982630406,
100421,quqfvqnpfq,Valerie,Thomas,valerie_thomas@example.com,6988620244,
100422,ebjlkrvlfl,Ruth,Stewart,ruth_stewart@example.com,6983361948,
100423,bujsheipgw,Lenora,Statler,lenora_statler@example.com,6923083491,
100424,stlusfmwqg,Lynn,Patterson,lynn_patterson@example.com,6986361355,
100425,sbvrvlnonk,Hilario,Porter,hilario_porter@example.com,6938713404,
100426,amjtmvugqv,Esther,Bluestein,esther_bluestein@example.com,6931881648,
100427,hudolxdhue,Floyd,Sharr,floyd_sharr@example.com,6936567420,
100428,onnjzasygl,Paul,Schumacher,paul_schumacher@example.com,6912740841,
100429,daptggfytj,Cindy,Leblanc,cindy_leblanc@example.com,6983786119,
100430,mvltfvrfez,Michael,Williams,michael_williams@example.com,6920772179,
100431,qhcfrbvpkp,Jose,Davis,jose_davis@example.com,6912183438,
100432,ycfikaawrt,Barbara,Messer,barbara_messer@example.com,6908824591,
100433,gcbslaarme,Sonya,Jordan,sonya_jordan@example.com,6998805092,987654321
100434,oehoysigpf,Katharine,Mitchell,katharine_mitchell@example.com,6982558597,
100435,wshihsvmrp,Ann,Sitar,ann_sitar@example.com,6902468330,
100436,rpjbmrwqgc,Teresa,Bach,teresa_bach@example.com,6914191763,
100437,efcfyhugsc,Karla,Lopez,karla_lopez@example.com,6973322130,
100438,tcasrvfjkp,Scott,Gibson,scott_gibson@example.com,6951121083,
100439,bhxamwaman,Sally,Williams,sally_williams@example.com,6918398881,
100440,mxqxbjgixd,Gwen,Jones,gwen_jones@example.com,6931534525,
100441,bjlimedhys,Diane,Ogilvie,diane_ogilvie@example.com,6987216098,
100442,neprmxxatw,Matthew,Brenna,matthew_brenna@example.com,6988170474,
100443,lhimfclotk,Lavern,Fields,lavern_fields@example.com,6920574948,
100444,afkcfeutix,Diane,Benedict,diane_benedict@example.com,6934053045,
100445,tqnratbmak,Christine,Escobedo,christine_escobedo@example.com,6919484985,
100446,ohvwoiomtm,Douglas,Obradovich,douglas_obradovich@example.com,6995229126,
100447,xwtgdmfslm,Barbara,Bekins,barbara_bekins@example.com,6981719917,
100448,zvkjfzhapw,Frances,Flowers,frances_flowers@example.com,6963787984,
100449,waqyhwaheh,Cassandra,Martinez,cassandra_martinez@example.com,6907824603,
100450,ysolznybcu,Kenneth,Mcdaniels,kenneth_mcdaniels@example.com,6981499902,
100451,qysqziigiv,Gayle,Merrifield,gayle_merrifield@example.com,6961619672,
100452,xwggvqubnf,Georgia,Williams,georgia_williams@example.com,6963853599,987654321
100453,xerhsqiyui,Donald,Frisby,donald_frisby@example.com,6905724713,987654321
100454,bthhfdfvjf,Kurt,Williams,kurt_williams@example.com,6946977378,
100455,qisjpsrdmq,Charles,Suk,charles_suk@example.com,6942173140,
100456,swatevjvgc,Majorie,Holter,majorie_holter@example.com,6993230684,
100457,aohxknmajo,Gloria,Villarreal,gloria_villarreal@example.com,6967137718,
100458,hvtutslksz,Andrew,Briceno,andrew_briceno@example.com,6929722858,
100459,aoovitwavu,Edward,Fountain,edward_fountain@example.com,6941878478,
100460,aveythxjxm,Betty,Toll,betty_toll@example.com,6952302549,
100461,ddgewwqfrs,Martin,Hoover,martin_hoover@example.com,6943204325,
100462,szbtwiufcd,Frank,Evans,frank_evans@example.com,6992422603,
100463,ujpcmeqzcf,David,Keating,david_keating@example.com,6989319274,
100464,juooemeevf,Ruth,Barksdale,ruth_barksdale@example.com,6931881404,
100465,gvkvolxgso,Mary,Heckman,mary_heckman@example.com,6930067847,123456789
100466,nyhmefckxa,Glenda,Liberti,glenda_liberti@example.com,6972879920,
100467,jlmwamwwsl,Oneida,Benson,oneida_benson@example.com,6931328287,
100468,kitntoidds,Claire,Weaver,claire_weaver@example.com,6906603587,
100469,txecxeidmd,Pauline,Oharra,pauline_oharra@example.com,6963453417,
100470,vrtqpusriw,Clarence,Mansur,clarence_mansur@example.com,6926274125,
100471,vgheopnllv,Amy,Spencer,amy_spencer@example.com,6987790643,
100472,ehfdftppff,Lois,Theriault,lois_theriault@example.com,6973427068,
100473,gvhxghahmi,William,Prok,william_prok@example.com,6930986633,
100474,wwqxtjemuf,Jennifer,Wueste,jennifer_wueste@example.com,6996958954,
100475,hgpbkjgswe,William,Jakeman,william_jakeman@example.com,6995513771,
100476,wfceqbyvsw,Faye,Barton,faye_barton@example.com,6947596524,
100477,wujlzsmiiv,Stella,Phifer,stella_phifer@example.com,6985861390,
100478,gwmheniona,Robert,Caro,robert_caro@example.com,6949867639,
100479,duezzeujnv,Edgar,Fajardo,edgar_fajardo@example.com,6990415372,
100480,qcqwnyelfj,Walter,Craig,walter_craig@example.com,6994148514,
100481,wachqexrjw,Anita,Ocasio,anita_ocasio@example.com,6947311066,
100482,teudtaoowd,Ena,Hilliard,ena_hilliard@example.com,6940751087,
100483,fihahfcncr,Ashley,Chaplin,ashley_chaplin@example.com,6934151292,
100484,uinvprfczf,Preston,Henscheid,preston_henscheid@example.com,6939863931,
100485,yuutwpbobw,Dino,Davis,dino_davis@example.com,6995881556,
100486,iaiaxgyzci,Robert,Sandoval,robert_sandoval@example.com,6948109705,
100487,srhslstgtw,Andrew,Dean,andrew_dean@example.com,6983014846,
100488,fjesfffuaa,Betty,Brown,betty_brown@example.com,6932208262,
100489,ntnfokmkad,Brian,Borden,brian_borden@example.com,6969467952,
100490,rkjzpzysnt,Benita,Maxwell,benita_maxwell@example.com,6954527559,
100491,udvwkdhatc,Chasity,Preciado,chasity_preciado@example.com,6947859819,
100492,qaejvaklbv,Richard,Larosa,richard_larosa@example.com,6976997790,
100493,jlsdzulknl,Steven,Alonso,steven_alonso@example.com,6960846285,
100494,zfydqxxuaf,Carol,Mcatee,carol_mcatee@example.com,6901707216,987654321
100495,xnlxtcbuqj,Victor,Burroughs,victor_burroughs@example.com,6914187735,
100496,lodbpdrmrj,Rebecca,Gorecki,rebecca_gorecki@example.com,6994077524,
100497,ihssivdlgu,Jesse,Kim,jesse_kim@example.com,6958257952,
100498,majorunszg,Mary,Swanson,mary_swanson@example.com,6954156859,987654321
100499,izzmtaqwyn,James,Mclaughlin,james_mclaughlin@example.com,6900568644,
