user_id,password,fname,lname,email,phone
500000,abc,Mamie,Seaman,mamie_seaman@example.com,6987946892
500001,hzxusxonot,Lori,Singh,lori_singh@example.com,6938603044
500002,iflvojnujr,Reynaldo,Ramirez,reynaldo_ramirez@example.com,6969839496
500003,wnkzpzjkur,David,Bingle,david_bingle@example.com,6999622004
500004,mbwqhwyxgd,Joseph,Engel,joseph_engel@example.com,6972093535
500005,jrmvgyheua,Scott,Hepworth,scott_hepworth@example.com,6938088110
500006,wyixzeyxww,Lisa,West,lisa_west@example.com,6992190111
500007,xgkamrljax,Billie,Yeung,billie_yeung@example.com,6955903211
500008,hywfolzpzn,Carol,Sherman,carol_sherman@example.com,6996494337
500009,cldruvwzub,Vince,Braatz,vince_braatz@example.com,6983006644
500010,ehcjyxkvzd,Michael,Long,michael_long@example.com,6945151427
500011,dfhfunwywn,Jennifer,Morrison,jennifer_morrison@example.com,6952814221
500012,nclgltanec,Gary,Hernandez,gary_hernandez@example.com,6913172135
500013,odnxxizlek,Leroy,Pass,leroy_pass@example.com,6917158432
500014,jfpywsrtjg,Justin,Lawson,justin_lawson@example.com,6938095199
500015,euqptrvdzy,Allison,Cox,allison_cox@example.com,6938399652
500016,pucsahjgbx,Deborah,Menzel,deborah_menzel@example.com,6915980542
500017,wacbpijspv,Delores,Cargill,delores_cargill@example.com,6922296431
500018,ummuoowsnm,Wm,Miller,wm_miller@example.com,6940032592
500019,dirfykstxx,Oscar,Campbell,oscar_campbell@example.com,6967193224
500020,fgxxncbfpw,John,Mello,john_mello@example.com,6942243138
500021,vszaylxsij,Beth,Campbell,beth_campbell@example.com,6981295642
500022,yhuughzpvj,Adolph,Pruneda,adolph_pruneda@example.com,6970772859
500023,jscngwjdlq,John,Lewis,john_lewis@example.com,6920674947
500024,hgfoufafim,Susan,Noga,susan_noga@example.com,6982629438
500025,jkwtanwunh,Laura,Tatro,laura_tatro@example.com,6916394123
500026,hkvznnpsiy,Jerald,Seeman,jerald_seeman@example.com,6900130613
500027,oevqsalhpb,Angela,Gullickson,angela_gullickson@example.com,6989474762
500028,ujgsajnxao,Rolf,Trimble,rolf_trimble@example.com,6950281224
500029,zatbqmyren,Emily,Butler,emily_butler@example.com,6994494210
500030,eifzgqvzwm,Jesse,Arteaga,jesse_arteaga@example.com,6901944021
500031,otslvqxzsp,Kelli,Robles,kelli_robles@example.com,6903061325
500032,fczcumfynm,Michael,Bellah,michael_bellah@example.com,6994074534
500033,kdgufkvwvo,Margaret,Rivera,margaret_rivera@example.com,6902201260
500034,zrojeipkcy,Corey,Shurtz,corey_shurtz@example.com,6987961461
500035,uhtoktihyr,Alvin,Harris,alvin_harris@example.com,6943117726
500036,nwwklducyk,Bradley,Dawson,bradley_dawson@example.com,6978671431
500037,mcgchkrqym,Bonnie,Elder,bonnie_elder@example.com,6935197901
500038,supraovvwc,Tina,Corujo,tina_corujo@example.com,6986079727
500039,zwjpnzsemd,Tamara,Whitehead,tamara_whitehead@example.com,6968425867
500040,qtdpxnacbf,Jeffrey,Lemle,jeffrey_lemle@example.com,6907063734
500041,xaisjsmoac,Sean,Hankins,sean_hankins@example.com,6982652772
500042,ezjqeuzymf,Terry,Douglas,terry_douglas@example.com,6956810870
500043,pmtxnyidxw,George,Lozier,george_lozier@example.com,6979074309
500044,rsgrgetxxv,Mildred,Spicer,mildred_spicer@example.com,6907899495
500045,bvhyaudegb,Bethany,Berry,bethany_berry@example.com,6913693939
500046,lkqrzhazwj,Jim,Farver,jim_farver@example.com,6905230014
500047,gjdqkbnfji,Larry,Eyler,larry_eyler@example.com,6989231044
500048,xpqhvcwteh,Melissa,Mccoy,melissa_mccoy@example.com,6922569948
500049,qhnbksviiv,Bobby,Northrop,bobby_northrop@example.com,6908036790
500050,ovgtmmugqm,Millard,Wallace,millard_wallace@example.com,6967088089
500051,mkyubqnelt,Donald,Huston,donald_huston@example.com,6957819231
500052,yokynfnixv,Frances,Fasheh,frances_fasheh@example.com,6974394633
500053,yalifgkwot,Stephen,Woods,stephen_woods@example.com,6950677117
500054,ylupmmpgza,Jason,Grimes,jason_grimes@example.com,6992642320
500055,gbscskdqeo,Katherine,Bates,katherine_bates@example.com,6988866754
500056,vsihqxxswr,Eileen,Doan,eileen_doan@example.com,6958563900
500057,ecfxzyitpz,Marjorie,Johnson,marjorie_johnson@example.com,6902801842
500058,palcbvmaan,Kia,Bolton,kia_bolton@example.com,6971214792
500059,mvqrpllxfq,David,Ball,david_ball@example.com,6974548416
500060,ffhijqrawr,Dennis,Cole,dennis_cole@example.com,6943874739
500061,dfdxcqqyly,Robert,Dahle,robert_dahle@example.com,6966310219
500062,lzkljvdbks,Ann,Smith,ann_smith@example.com,6947330088
500063,wynmlfjxdn,Mary,Johns,mary_johns@example.com,6953819649
500064,kpbrkgnaew,Jason,Daniel,jason_daniel@example.com,6945906114
500065,aevztgtlas,Marsha,Hayes,marsha_hayes@example.com,6964001669
500066,thjbmnxdmr,Geoffrey,Darlington,geoffrey_darlington@example.com,6963560344
500067,mplqetiqkd,Ellen,Kelley,ellen_kelley@example.com,6967305120
500068,jksjohprfx,Chris,Sanchez,chris_sanchez@example.com,6920020486
500069,zetmrmxsle,Emma,Haddad,emma_haddad@example.com,6983531966
500070,cofqivnajb,Austin,Kim,austin_kim@example.com,6977261065
500071,qbbytoboph,Saul,Stever,saul_stever@example.com,6936784204
500072,fewfoxtcpe,Harold,Stinson,harold_stinson@example.com,6910245371
500073,ahembxgpuo,Carol,Mahood,carol_mahood@example.com,6912009465
500074,sforyurizt,Lynn,Follansbee,lynn_follansbee@example.com,6994643864
500075,aekaprkuko,William,Ruff,william_ruff@example.com,6962367089
500076,vksjholwiz,Norma,Waroway,norma_waroway@example.com,6950939207
500077,mxmahhhiay,Mary,Lindsey,mary_lindsey@example.com,6918932068
500078,afzvxrtwxj,Anne,Loughry,anne_loughry@example.com,6933188435
500079,robvkiaawq,John,Plagmann,john_plagmann@example.com,6953082255
500080,xxneynmllj,Luann,Witmer,luann_witmer@example.com,6977537005
500081,zyenimznca,Lester,West,lester_west@example.com,6911115788
500082,endctjgbcf,Tawana,Pickett,tawana_pickett@example.com,6907414782
500083,vsigvmpwhp,Bruce,Hoose,bruce_hoose@example.com,6924113380
500084,nosycxngda,James,Lang,james_lang@example.com,6939913911
500085,oyilcjjibg,Christopher,Basinger,christopher_basinger@example.com,6993764566
500086,hhtqaplymf,Justin,Mcfarland,justin_mcfarland@example.com,6958728436
500087,tgqjockaql,Ruth,Overstreet,ruth_overstreet@example.com,6992740399
500088,zyprqsdehz,Terry,Karge,terry_karge@example.com,6980187690
500089,kyyoyerlrl,Dorothy,Kuennen,dorothy_kuennen@example.com,6951445943
500090,gtzhymrazq,Jean,Cox,jean_cox@example.com,6902697708
500091,ovklrijukb,Ronald,Sprague,ronald_sprague@example.com,6981439008
500092,rfqasobfmv,Anjanette,Lally,anjanette_lally@example.com,6948657503
500093,bvjddaadtk,Stephen,Gross,stephen_gross@example.com,6936695200
500094,qpnjjsjvls,Carol,Sharr,carol_sharr@example.com,6975293123
500095,xgqbvbyyif,Thomas,Reynolds,thomas_reynolds@example.com,6986989630
500096,iatpliyafq,Janet,Luc,janet_luc@example.com,6923300647
500097,pwwksjulgg,Milton,Ruiz,milton_ruiz@example.com,6946399258
500098,dgdclzytng,Heather,Epps,heather_epps@example.com,6925917651
500099,gznhfdxawh,Michael,English,michael_english@example.com,6954946862
500100,eedoghtjqj,Stephanie,Tavares,stephanie_tavares@example.com,6966161491
500101,pogqrcsgnp,Kelly,Tyre,kelly_tyre@example.com,6929999994
500102,zroivnnbio,Ignacio,Rhodes,ignacio_rhodes@example.com,6914582930
500103,qixhunxasa,Patty,Silver,patty_silver@example.com,6947033495
500104,swlcmhsioq,Jessie,French,jessie_french@example.com,6975310238
500105,sxzeaveupa,Robert,Shearer,robert_shearer@example.com,6932781880
500106,pdryrtsffl,Dorothy,Thompson,dorothy_thompson@example.com,6974360096
500107,hdfwbouhss,Judy,Katechis,judy_katechis@example.com,6914177867
500108,qspfnlqqsm,Tina,Goodman,tina_goodman@example.com,6937048990
500109,fguhwzzwia,Wayne,Gordo,wayne_gordo@example.com,6920321432
500110,pnzkzdahux,Minnie,Dreese,minnie_dreese@example.com,6952077445
500111,agluwdahxk,James,Johnson,james_johnson@example.com,6930131464
500112,rgwojlrhyg,Marianne,Mcfarling,marianne_mcfarling@example.com,6986993827
500113,zjxryzvgba,Lauren,Cowan,lauren_cowan@example.com,6944356087
500114,vresvzuwym,Victor,Geffrard,victor_geffrard@example.com,6985650530
500115,dnemyfhfan,Jose,Frank,jose_frank@example.com,6959429842
500116,kjajoxqfel,Edith,Sims,edith_sims@example.com,6968950338
500117,lkosvdqkgk,Shelia,Waldren,shelia_waldren@example.com,6936461908
500118,wrganuzmvo,Patrick,Kline,patrick_kline@example.com,6997271686
500119,xildljdndk,Karen,Spencer,karen_spencer@example.com,6903177256
500120,qlxemdrvwb,Cruz,Samuel,cruz_samuel@example.com,6906870733
500121,hvwfjjbvgm,John,Ingerson,john_ingerson@example.com,6900226772
500122,cdspcutumm,Maryann,Mosley,maryann_mosley@example.com,6969197413
500123,xthcccctsc,Kathryn,Montoya,kathryn_montoya@example.com,6913101019
500124,vmlktwmvis,Sue,Mcafee,sue_mcafee@example.com,6999013346
500125,cxmxoldkbw,Shane,Duckworth,shane_duckworth@example.com,6913447456
500126,gyzypsnmfu,William,Wong,william_wong@example.com,6908958536
500127,ajqueyrnhd,Kimberly,Leclair,kimberly_leclair@example.com,6903175472
500128,ltnkocfndj,Patsy,Smith,patsy_smith@example.com,6911089972
500129,khfyxopdyd,Nick,Stanley,nick_stanley@example.com,6911067490
500130,fggykbvpki,Margarita,Hoerner,margarita_hoerner@example.com,6983690068
500131,ytawgxszoe,Charles,Wiley,charles_wiley@example.com,6934694521
500132,dihsfywalp,Gilbert,Mcthay,gilbert_mcthay@example.com,6934499117
500133,spskzopril,Loretta,Tyler,loretta_tyler@example.com,6952201858
500134,riooiqitgl,Mildred,Williams,mildred_williams@example.com,6914884702
500135,vlhckofotr,Robert,Rauser,robert_rauser@example.com,6965760898
500136,xvnwfgsyyq,David,Witt,david_witt@example.com,6915091994
500137,xuhvcxtflu,Delores,Madigan,delores_madigan@example.com,6901561979
500138,rguqmknxvt,Mark,Marshall,mark_marshall@example.com,6925932259
500139,zjunbdbpgl,Kelly,Ross,kelly_ross@example.com,6950415810
500140,ocxiwerfvx,Hazel,Roark,hazel_roark@example.com,6931270889
500141,ysnmhjhwaq,Angeline,Mcgee,angeline_mcgee@example.com,6906028849
500142,jozkkihltr,Kathryn,Davis,kathryn_davis@example.com,6916419416
500143,lusvsofxkl,Regina,Montez,regina_montez@example.com,6947427864
500144,ltganvnupl,William,Rivera,william_rivera@example.com,6913247907
500145,shaxjqcmkz,Deborah,Elias,deborah_elias@example.com,6921862026
500146,dybryluovh,Floyd,Jackson,floyd_jackson@example.com,6985168771
500147,ealjrgejjv,Karan,Garnett,karan_garnett@example.com,6931772385
500148,cfmbnxrgym,Jeanne,Frederick,jeanne_frederick@example.com,6957632142
500149,ptmxnkxurg,Albert,Adams,albert_adams@example.com,6999414714
500150,kmlmtifwfl,Leona,Hayworth,leona_hayworth@example.com,6942695590
500151,exadhvujjh,Jill,Ruiz,jill_ruiz@example.com,6998628154
500152,roeesxecgv,William,Ramsey,william_ramsey@example.com,6992342886
500153,klnvqvfkrb,Martha,Walles,martha_walles@example.com,6979887733
500154,nzaghhbdht,Doris,Rice,doris_rice@example.com,6951647720
500155,zsdzslhnzp,Lina,Padilla,lina_padilla@example.com,6969758546
500156,nhdjkfrxew,Robert,Smith,robert_smith@example.com,6957591434
500157,pxdrkuwjeh,Peter,Blankenbaker,peter_blankenbaker@example.com,6927099931
500158,bndstaqinr,Benjamin,Patterson,benjamin_patterson@example.com,6907140529
500159,amnflsdktn,Jennifer,Ratcliff,jennifer_ratcliff@example.com,6932131560
500160,sefqatormn,Leigh,Wilson,leigh_wilson@example.com,6949725950
500161,kyjtntlzzk,John,Kittler,john_kittler@example.com,6956625642
500162,zrltapvngo,John,Brown,john_brown@example.com,6934408596
500163,brswrmbfxe,Kelley,Dillingham,kelley_dillingham@example.com,6957438500
500164,pqvohhzifi,Johnny,Cantrell,johnny_cantrell@example.com,6951661262
500165,hlnlgzannj,Tammy,Holt,tammy_holt@example.com,6960701785
500166,cgwvkhtfyl,Ella,Dodson,ella_dodson@example.com,6931976401
500167,rajtdkacsv,Michelle,Benigno,michelle_benigno@example.com,6986631603
500168,hoppqkxbka,Thomas,Celedon,thomas_celedon@example.com,6907405123
500169,pbvrdiekpb,Dana,Tallent,dana_tallent@example.com,6972200290
500170,jyozcstxge,Justine,Monteros,justine_monteros@example.com,6970648673
500171,rilquhngky,Sarah,Harkness,sarah_harkness@example.com,6967522046
500172,ebbtwltsuf,Nancy,Piner,nancy_piner@example.com,6989206719
500173,pmwwekkyxf,Nancy,Gonzalez,nancy_gonzalez@example.com,6949349782
500174,dbsnvjvkyc,Jason,Washburn,jason_washburn@example.com,6928655694
500175,vbqozxotwx,Hattie,Maynard,hattie_maynard@example.com,6992341229
500176,vsfkuwchsj,James,Nettles,james_nettles@example.com,6922483203
500177,hxdzxkvrfj,Lindsey,Winegar,lindsey_winegar@example.com,6952692381
500178,tovcsudegc,Delois,Alderman,delois_alderman@example.com,6956833687
500179,yhvtgfpdtc,Stephanie,Johnson,stephanie_johnson@example.com,6900502674
500180,gxreauctks,Karen,Diaz,karen_diaz@example.com,6930870145
500181,aglyjwcrfc,Sabrina,Feltner,sabrina_feltner@example.com,6985013801
500182,lnwpgmlsoz,Archie,Burkhead,archie_burkhead@example.com,6973999231
500183,wveogsidmf,David,Sullivan,david_sullivan@example.com,6985021826
500184,cliybtyohz,Benjamin,Johnson,benjamin_johnson@example.com,6950663961
500185,givqpfehto,Joyce,Morrison,joyce_morrison@example.com,6966965756
500186,cpiyoslrtc,Lakeisha,Sammer,lakeisha_sammer@example.com,6932094484
500187,sutxpdncjm,Pearl,Mcclellan,pearl_mcclellan@example.com,6905061420
500188,etobogcqqh,Mattie,Martin,mattie_martin@example.com,6980101007
500189,uwmxjnlodc,Terrell,Seaman,terrell_seaman@example.com,6924266421
500190,knlohatvzs,Cora,Edwards,cora_edwards@example.com,6979258201
500191,jzohkznjdj,Charles,Smith,charles_smith@example.com,6915914322
500192,cujjwqwkaa,Dianne,Mangual,dianne_mangual@example.com,6920037538
500193,xyhsbyxqbb,Ona,Akbar,ona_akbar@example.com,6995981699
500194,bfuzwbfvcu,Mary,Ross,mary_ross@example.com,6912405919
500195,jidiuxtbqo,Eva,Scott,eva_scott@example.com,6953308564
500196,gaoxnbkycx,Mary,Duncan,mary_duncan@example.com,6931291044
500197,aodkuakeyo,Carol,Rodriguez,carol_rodriguez@example.com,6931356941
500198,gxrgbnipgq,Raymond,Laughary,raymond_laughary@example.com,6954518757
500199,kdyivynfla,Joel,Bohannon,joel_bohannon@example.com,6912383146
500200,twxdfcvlok,Millie,Wiggins,millie_wiggins@example.com,6929315733
500201,tfeafcascw,Beatrice,Bridges,beatrice_bridges@example.com,6910720725
500202,wufvqieami,Carole,Knox,carole_knox@example.com,6927857826
500203,asixpocxyi,Lorraine,Chaney,lorraine_chaney@example.com,6988908173
500204,befilzmuli,Michael,Lunn,michael_lunn@example.com,6989031979
500205,mclxjkywyo,Carol,Montero,carol_montero@example.com,6955047514
500206,govbciektd,Lisa,Hawley,lisa_hawley@example.com,6909598340
500207,mflqxitwnj,Tamara,Vu,tamara_vu@example.com,6982848245
500208,xrmdpzlwjv,Mark,Wilson,mark_wilson@example.com,6953895513
500209,muehufklac,John,Williams,john_williams@example.com,6966099851
500210,iejnwhvley,Elaine,Uribe,elaine_uribe@example.com,6912996299
500211,lqanfflmxm,Beverly,Ojeda,beverly_ojeda@example.com,6937520239
500212,dhpnlpsdmr,Daniel,Touhey,daniel_touhey@example.com,6919798433
500213,etpttugqbs,James,Larkin,james_larkin@example.com,6926838217
500214,rynovbyhok,Nancy,Confalone,nancy_confalone@example.com,6933566943
500215,rpgouowtvm,George,Green,george_green@example.com,6983770012
500216,jiakmztwpp,Cayla,Galban,cayla_galban@example.com,6909993917
500217,ljosstiofd,Xavier,Howard,xavier_howard@example.com,6938255190
500218,cfpowavwuz,Howard,Dickson,howard_dickson@example.com,6963460607
500219,pcjzmomkcm,Jennifer,Henderson,jennifer_henderson@example.com,6938597342
500220,vwrzuxouom,Anne,Rangel,anne_rangel@example.com,6958336981
500221,hkhnodmanr,Florence,Masten,florence_masten@example.com,6962088665
500222,mruxjedxlg,Charles,Shinkle,charles_shinkle@example.com,6997395890
500223,obxgtmoshm,Susan,Beattie,susan_beattie@example.com,6912925540
500224,htuviluyil,Pam,George,pam_george@example.com,6926133726
500225,umtxdyxfdj,William,Ford,william_ford@example.com,6981723283
500226,wdkwduwmfr,Paul,Shaw,paul_shaw@example.com,6915237483
500227,yackdmggoc,Ocie,Begley,ocie_begley@example.com,6914032265
500228,qphprjeaov,Robert,Stanley,robert_stanley@example.com,6993535123
500229,ljszbmxyzq,Tonja,Cooper,tonja_cooper@example.com,6944233491
500230,hqjvblvkue,Leroy,Leonard,leroy_leonard@example.com,6978279257
500231,ravjfkogps,Ronald,Payne,ronald_payne@example.com,6933127155
500232,ianofnekdn,Andy,Drewry,andy_drewry@example.com,6911228830
500233,mfkmwgtukm,Minnie,Amos,minnie_amos@example.com,6901125736
500234,kdfkztummy,Martin,Finney,martin_finney@example.com,6988811388
500235,cyhcunogkm,John,Berlin,john_berlin@example.com,6911459502
500236,nvivepvzqc,Teresa,Mooney,teresa_mooney@example.com,6993528394
500237,sycxqgwyau,Nancy,Morse,nancy_morse@example.com,6943653265
500238,dwahtavefk,George,Sappington,george_sappington@example.com,6907233327
500239,thyropokiw,Maria,Landers,maria_landers@example.com,6902140986
500240,ooenzvtuaz,Terrence,Decker,terrence_decker@example.com,6956283013
500241,sffqpgdnlc,Perry,Augeri,perry_augeri@example.com,6980874874
500242,wfypvxyjnk,Richard,Noreen,richard_noreen@example.com,6987689048
500243,damkrntqug,Angeline,Beavers,angeline_beavers@example.com,6934847766
500244,lngymzqwbo,Sharon,Stoll,sharon_stoll@example.com,6965838228
500245,jqxrckrmjd,Myrtle,Peterson,myrtle_peterson@example.com,6914203966
500246,uhmreyaysa,David,Vue,david_vue@example.com,6943771346
500247,nbmdmsxocn,Nicholas,Poole,nicholas_poole@example.com,6926317640
500248,fgeogudeqe,Bradley,Kerns,bradley_kerns@example.com,6982574707
500249,rwkidwzspu,Lois,Callender,lois_callender@example.com,6905396455
500250,gcuuarzcbh,Anne,Beane,anne_beane@example.com,6900852421
500251,kmdrgfzimt,Kelly,Wallace,kelly_wallace@example.com,6967924207
500252,kmddzjnkwk,Haley,Kryst,haley_kryst@example.com,6959007330
500253,vcacdbhphk,Donald,Free,donald_free@example.com,6990876844
500254,nzeprnzulu,Virginia,Otis,virginia_otis@example.com,6925061172
500255,wunqthkdur,Eric,Jordan,eric_jordan@example.com,6977325955
500256,sqpmjmqkrb,Ronald,Bost,ronald_bost@example.com,6983707254
500257,qjwodfdyzk,Gwendolyn,Alvarez,gwendolyn_alvarez@example.com,6959892141
500258,miwxievoui,Raymond,Clem,raymond_clem@example.com,6914105071
500259,esqdwnopqy,William,Hayes,william_hayes@example.com,6926878162
500260,kivxhsjcof,David,Machen,david_machen@example.com,6916408171
500261,tmsrhpwfgl,Christopher,Satchell,christopher_satchell@example.com,6941560537
500262,wertdjabkh,Timothy,Gibbs,timothy_gibbs@example.com,6963491421
500263,qfrcxuyxkl,Linda,Quezada,linda_quezada@example.com,6946388584
500264,tmabjqotxo,Velvet,Berry,velvet_berry@example.com,6968097413
500265,tcviassmjv,Michael,Ibarra,michael_ibarra@example.com,6965716511
500266,wbajlapczn,Sarah,Stovall,sarah_stovall@example.com,6918752932
500267,uayfhnnogm,Antonio,Smith,antonio_smith@example.com,6978643995
500268,ehrqaunrgw,Sandra,Hartline,sandra_hartline@example.com,6997840980
500269,zqvrdcotuh,Charles,Eagen,charles_eagen@example.com,6981801129
500270,aglpknhyqc,Eric,Lambert,eric_lambert@example.com,6934690240
500271,gmlnmachna,Herman,Schneider,herman_schneider@example.com,6945095679
500272,bjtzzprvgj,Meghan,Nuss,meghan_nuss@example.com,6930686548
500273,ufkxezauda,Ralph,Bustos,ralph_bustos@example.com,6980907423
500274,tuikvahdrc,Judy,Hernandez,judy_hernandez@example.com,6971935676
500275,eqabsaedds,Shannon,Hicks,shannon_hicks@example.com,6996912948
500276,kgvtsfkeve,Jennifer,Morris,jennifer_morris@example.com,6930244413
500277,xkkwpjqkpd,Katie,Reed,katie_reed@example.com,6993503310
500278,hxafrgntgn,Mikel,Hardesty,mikel_hardesty@example.com,6907448799
500279,ngxjgnvxyk,Kevin,Abney,kevin_abney@example.com,6952585875
500280,oadghpawsk,Dorothy,Hafley,dorothy_hafley@example.com,6994212402
500281,kkzpvaeyks,Rick,Majewski,rick_majewski@example.com,6946393240
500282,nxpzekchjq,Mary,Xiong,mary_xiong@example.com,6905521234
500283,xkgysxyfuv,Pamela,Griffin,pamela_griffin@example.com,6931102394
500284,opvxleagva,Deana,Ketchie,deana_ketchie@example.com,6984910068
500285,mtlczzzagk,Richard,King,richard_king@example.com,6968587514
500286,qgxpyhmefl,Christopher,Lain,christopher_lain@example.com,6937207148
500287,apnxmwosme,Kimberly,Bennett,kimberly_bennett@example.com,6946441487
500288,xwpfwhpccf,William,Perez,william_perez@example.com,6935163013
500289,auoudqzqsj,April,Hecht,april_hecht@example.com,6925463485
500290,rmpvbovput,William,Ray,william_ray@example.com,6910062013
500291,kqzbnvnipz,James,Anderson,james_anderson@example.com,6956868986
500292,xlfxkuldjz,Virginia,Ford,virginia_ford@example.com,6992740758
500293,vixmflwidq,Brian,Wright,brian_wright@example.com,6972605287
500294,ignnknvjmj,Estela,Stewart,estela_stewart@example.com,6922242369
500295,olqwlxdeet,Helene,Archie,helene_archie@example.com,6987394835
500296,rllxyharss,Jason,Ryan,jason_ryan@example.com,6979825876
500297,lcxyqkfyiw,Gilberte,Slaney,gilberte_slaney@example.com,6955646795
500298,mfllpmwbke,Maggie,Brooks,maggie_brooks@example.com,6981279032
500299,qekeivccxs,Jonathan,Henry,jonathan_henry@example.com,6905100124
500300,tjvpplpspf,Ruth,Stacy,ruth_stacy@example.com,6966272665
500301,veqwhwcasf,Virginia,Foster,virginia_foster@example.com,6904757221
500302,hclhcwcsgc,Brian,Weese,brian_weese@example.com,6921483358
500303,vdiayupozq,Todd,Sieber,todd_sieber@example.com,6908748535
500304,uifkrkoete,Manuel,Willis,manuel_willis@example.com,6968529953
500305,pikljgusdw,Belva,Linares,belva_linares@example.com,6916799355
500306,xfigaiovlj,Jose,Green,jose_green@example.com,6978470242
500307,sfdrhyejgi,Gregory,Williams,gregory_williams@example.com,6961993276
500308,fjrkvbdnbk,Ann,Williams,ann_williams@example.com,6944119767
500309,jiaxfzgqdl,Charles,Campbell,charles_campbell@example.com,6954249677
500310,iygdsqrcmo,Dana,Ahrens,dana_ahrens@example.com,6983435168
500311,zqzsnchlra,Matthew,Johnson,matthew_johnson@example.com,6948058188
500312,lzgkwvbqbn,Leslie,Whitmore,leslie_whitmore@example.com,6973852034
500313,wexnaujpgx,Randall,Sewell,randall_sewell@example.com,6926573633
500314,sjcdjrytim,Emiko,Stair,emiko_stair@example.com,6912476447
500315,tenvrnxtgp,Melinda,Gosser,melinda_gosser@example.com,6900161484
500316,pmehxopcnr,Patricia,Fulton,patricia_fulton@example.com,6953593243
500317,gbifybzqza,Linda,Smith,linda_smith@example.com,6996104140
500318,udkcngjcqn,Julius,Tousignant,julius_tousignant@example.com,6910180597
500319,boqsisdodq,Linda,Carrier,linda_carrier@example.com,6954042810
500320,dfwhfbvpii,Maria,Nickerson,maria_nickerson@example.com,6974760168
500321,gfbgqpitmo,Luann,Smith,luann_smith@example.com,6953001314
500322,znjlivhedb,Darwin,Eldridge,darwin_eldridge@example.com,6935973335
500323,khmechtzda,Adelina,Catholic,adelina_catholic@example.com,6977832231
500324,quusomtnyk,Jeremy,Park,jeremy_park@example.com,6953990963
500325,krbeohkyqb,Susan,Charpentier,susan_charpentier@example.com,6993116588
500326,vqbysxaock,Andrea,Gilbertson,andrea_gilbertson@example.com,6941509278
500327,pdfzlbodkf,Glenda,Mattox,glenda_mattox@example.com,6991736912
500328,hpugtdampl,Olive,Ricci,olive_ricci@example.com,6955545285
500329,ucoidwokif,Brian,Cook,brian_cook@example.com,6976835617
500330,isyyizwyqz,Tyler,Blazejewski,tyler_blazejewski@example.com,6927228899
500331,fmwiwgcybh,Vicky,Leverenz,vicky_leverenz@example.com,6951939637
500332,mmdgkwifvl,Sherry,Chapman,sherry_chapman@example.com,6973726556
500333,mbfrevipbe,David,Valentine,david_valentine@example.com,6902807934
500334,bziygpagsm,Willie,Engler,willie_engler@example.com,6978957185
500335,edplkkmuec,Clarice,Stamps,clarice_stamps@example.com,6947316995
500336,iiyksoojas,Jose,Steiner,jose_steiner@example.com,6979176346
500337,ojpvaffbuk,Duane,Moore,duane_moore@example.com,6902865633
500338,kfzhzdtupn,Kimberly,Bryan,kimberly_bryan@example.com,6932646830
500339,rbnnixxqhd,Andy,Roberts,andy_roberts@example.com,6948392814
500340,uzrmpypoyo,Joe,Murphy,joe_murphy@example.com,6980760470
500341,snsurdmlsc,Elizabeth,Randhawa,elizabeth_randhawa@example.com,6943304418
500342,ctisxiwtie,Rita,Allen,rita_allen@example.com,6903780690
500343,sjmwadosbb,Dennis,Decker,dennis_decker@example.com,6938960218
500344,cttxawmtxs,Herman,Davenport,herman_davenport@example.com,6912857240
500345,fnfzygkklv,Fred,Guyton,fred_guyton@example.com,6951030648
500346,ygxnxiosjr,Edwin,Reese,edwin_reese@example.com,6921333980
500347,ddvvrtnajy,Nell,Reynolds,nell_reynolds@example.com,6918192512
500348,ixfymtrpik,Angelina,Mayhew,angelina_mayhew@example.com,6905729104
500349,ilggbiqvag,Elizabeth,Brown,elizabeth_brown@example.com,6960961902
500350,fuoldsyjpc,Stacey,Moore,stacey_moore@example.com,6934728121
500351,adtugsnuhz,Milton,Blessing,milton_blessing@example.com,6968886263
500352,itcvssqdzp,Bobby,Poulin,bobby_poulin@example.com,6910920474
500353,kkbxdkgvwo,Deborah,Adams,deborah_adams@example.com,6929709321
500354,knaeomzlin,Antonio,Ford,antonio_ford@example.com,6900786591
500355,lncewaisvb,Coy,Davidson,coy_davidson@example.com,6951496308
500356,nfrjdndmye,Roy,Stroud,roy_stroud@example.com,6993553286
500357,cxbespcuxj,Norman,Castro,norman_castro@example.com,6977859241
500358,iqyhniouux,Gregory,Littler,gregory_littler@example.com,6976446214
500359,hkxvydpaiw,Danny,Rodgers,danny_rodgers@example.com,6943289009
500360,szfcavrwtt,Steven,Williams,steven_williams@example.com,6983617562
500361,cfpioihdgf,Norman,Goodman,norman_goodman@example.com,6959941917
500362,ctcnskwjup,Ryan,Bonner,ryan_bonner@example.com,6907293603
500363,etkyhvwdsw,David,Pryor,david_pryor@example.com,6911641716
500364,dcfpljevfj,Sarah,Medina,sarah_medina@example.com,6903421055
500365,iddzwhssag,Arthur,Mcelfresh,arthur_mcelfresh@example.com,6900246538
500366,dfmqjemrxo,Miguel,Lucas,miguel_lucas@example.com,6909246353
500367,wzbjscqfwn,Stanley,Albert,stanley_albert@example.com,6999733113
500368,wxutuzgony,Evelyn,Holston,evelyn_holston@example.com,6962850839
500369,aeojhhhwrl,Salvatore,Doyon,salvatore_doyon@example.com,6996022094
500370,vzuonwnyfi,Catherine,Franklin,catherine_franklin@example.com,6912239720
500371,iwhezsdopi,Josephine,Horstmann,josephine_horstmann@example.com,6998957120
500372,hxphxjlbot,Terence,Gray,terence_gray@example.com,6983392712
500373,glzruckmmx,Bradley,Russell,bradley_russell@example.com,6905534697
500374,boiglolwwp,Willie,Mutter,willie_mutter@example.com,6904643621
500375,fuvvgawula,Joseph,Johnson,joseph_johnson@example.com,6906748390
500376,fqvqpybjds,Nancy,Torres,nancy_torres@example.com,6966211042
500377,ysnhtrkrge,Thomas,Schultz,thomas_schultz@example.com,6938705924
500378,fjsjaddbua,Anna,Leal,anna_leal@example.com,6989425046
500379,sflcwwcvmf,Grant,Martin,grant_martin@example.com,6917910038
500380,javaizlgbw,Margaret,Hogue,margaret_hogue@example.com,6967959052
500381,nmlsgghncq,Angelo,Bain,angelo_bain@example.com,6994665281
500382,lgbkzsdhhd,Nick,Willis,nick_willis@example.com,6935617308
500383,xkxsnmcsuu,Kim,Dodson,kim_dodson@example.com,6978323946
500384,jclrcpuflj,Geraldine,Pirtle,geraldine_pirtle@example.com,6921731624
500385,iktdgjxwpx,Tami,Powell,tami_powell@example.com,6939197624
500386,ovzzqsrjpv,Becky,Otey,becky_otey@example.com,6926117064
500387,sgwqtehzqw,Elaine,Newell,elaine_newell@example.com,6901926858
500388,tqqpambhfr,Edward,Stewart,edward_stewart@example.com,6903606282
500389,serksioixq,Elizabeth,Brown,elizabeth_brown@example.com,6921818083
500390,nzdcmbhneq,Bryan,Wiggen,bryan_wiggen@example.com,6973419413
500391,psuqmwxfou,Jean,Raxter,jean_raxter@example.com,6961311442
500392,pywxeevijg,Emma,Knight,emma_knight@example.com,6945182467
500393,glbwllezbm,Trudy,Goldenberg,trudy_goldenberg@example.com,6993578590
500394,ollegdebxj,Kenneth,Palmer,kenneth_palmer@example.com,6955711056
500395,nghgqqjnrm,Heidi,Speight,heidi_speight@example.com,6916463526
500396,zrrluttqxe,James,Wright,james_wright@example.com,6952859607
500397,rdsighkphv,Irma,Corvin,irma_corvin@example.com,6966708550
500398,fdbfxmlrrt,Brent,Morales,brent_morales@example.com,6929670217
500399,uxyfnaosbm,Robert,Welte,robert_welte@example.com,6914161196
500400,hauwbtizfx,Gary,Johnson,gary_johnson@example.com,6990164011
500401,lpzngjigmt,Dorothy,Estrello,dorothy_estrello@example.com,6912650152
500402,fbmpwyjqra,Victor,Mccann,victor_mccann@example.com,6972199464
500403,nfpsmanvna,Joel,Ramos,joel_ramos@example.com,6975995710
500404,oicahqjpqy,Mary,Montoya,mary_montoya@example.com,6938776452
500405,dvdtaqynci,Claudia,Williams,claudia_williams@example.com,6910498918
500406,eabkkfxwws,Judy,Bouwkamp,judy_bouwkamp@example.com,6942483790
500407,abhasygrub,Ronald,Bostic,ronald_bostic@example.com,6901794723
500408,hrxlxelpnh,Michael,Miyoshi,michael_miyoshi@example.com,6995811683
500409,rsrjtezjer,Jazmin,Barbour,jazmin_barbour@example.com,6935807882
500410,fvoqgjgidr,William,Benson,william_benson@example.com,6989806052
500411,ouvrzjoydb,Fred,Goldberg,fred_goldberg@example.com,6948069141
500412,lroqzflwix,Nadine,Skeete,nadine_skeete@example.com,6929583465
500413,jckcfvjymi,Billy,Lee,billy_lee@example.com,6966425793
500414,uwmvasetem,Roger,Dawson,roger_dawson@example.com,6982907443
500415,dlxevmvcwl,Edward,Owens,edward_owens@example.com,6961559910
500416,ldqkthtxbu,Gene,Potter,gene_potter@example.com,6945182162
500417,tdquaczhdd,Lorene,Gough,lorene_gough@example.com,6964089485
500418,brdxkjmmcg,Paul,Taylor,paul_taylor@example.com,6941415643
500419,ciqnetzlvv,Hannah,Hawthorne,hannah_hawthorne@example.com,6907432535
500420,cwsodjyrjw,Cecil,Travelstead,cecil_travelstead@example.com,6934341897
500421,fdpzdfnopb,Francisca,Bolte,francisca_bolte@example.com,6928697731
500422,hfvzmwtrza,Katherine,Mahaffey,katherine_mahaffey@example.com,6934599842
500423,rvckaerrqt,Ronald,Pardini,ronald_pardini@example.com,6981361145
500424,upunqaclpm,Elton,Okelley,elton_okelley@example.com,6914469727
500425,uonburdeod,Phyllis,Boyd,phyllis_boyd@example.com,6913015559
500426,mbkonivasl,Fred,Englert,fred_englert@example.com,6995189712
500427,bqjwdzreum,Melissa,Langer,melissa_langer@example.com,6988452754
500428,cuxhmdxjeb,Carolyn,Crouch,carolyn_crouch@example.com,6964518228
500429,bhiktibmnf,Jodi,Hathaway,jodi_hathaway@example.com,6913979684
500430,xtcxakpcaj,Ida,Spannaus,ida_spannaus@example.com,6934157972
500431,pkaxevgqoe,Antonetta,Cole,antonetta_cole@example.com,6950556671
500432,fqmfvzlrvc,Lorena,Harris,lorena_harris@example.com,6953976319
500433,ixsgutfrzw,Kenneth,Neang,kenneth_neang@example.com,6977158985
500434,aoambbdygn,Mary,King,mary_king@example.com,6972084722
500435,ynpkbepkes,Gertrude,Heitmann,gertrude_heitmann@example.com,6945968243
500436,ojxaqnzicp,Cecilia,Mcninch,cecilia_mcninch@example.com,6937204328
500437,asipdurbvc,Harriet,Gall,harriet_gall@example.com,6901489042
500438,gzhtcjnnow,Linda,Castillo,linda_castillo@example.com,6906956790
500439,vxgewhtjzt,Anthony,Hicks,anthony_hicks@example.com,6985659875
500440,bhohzbaxnn,Debra,Schneider,debra_schneider@example.com,6926150763
500441,tmehfqmieg,Gertrude,Bezio,gertrude_bezio@example.com,6957079165
500442,eewwlttadx,Beatrice,Chew,beatrice_chew@example.com,6965817800
500443,kzrovgzkji,Shawn,Wethje,shawn_wethje@example.com,6960704702
500444,ojqtyrthzy,Michael,Alvarado,michael_alvarado@example.com,6968662039
500445,mazdxgrfor,Cecilia,Newman,cecilia_newman@example.com,6975447222
500446,gktggryaxw,Tara,Dohse,tara_dohse@example.com,6992360126
500447,tsvdhbjnev,Michele,Wilder,michele_wilder@example.com,6924415860
500448,nvseflbgsa,Toby,Williamson,toby_williamson@example.com,6923708657
500449,wqaelxxmhl,Gloria,Canterbury,gloria_canterbury@example.com,6971731239
500450,lqmscfmspv,Linda,Harris,linda_harris@example.com,6914880635
500451,dqfomlbcgq,Wallace,Butler,wallace_butler@example.com,6970246725
500452,fecreadmmg,Brenda,Carroll,brenda_carroll@example.com,6931202153
500453,yqdhkyauvo,Donald,Mosher,donald_mosher@example.com,6927448990
500454,lymjzpwvxx,Christopher,Kinney,christopher_kinney@example.com,6983408137
500455,uwkdleyhwv,Angela,Burch,angela_burch@example.com,6912150651
500456,bwtkdatjqj,David,Farnham,david_farnham@example.com,6976335854
500457,jjihosotgo,Lowell,Marshall,lowell_marshall@example.com,6974190371
500458,fyzrzehvqb,Marline,Tyler,marline_tyler@example.com,6915839611
500459,xbxkhmhlgy,Betty,Morris,betty_morris@example.com,6959733722
500460,ksjatrfzsg,Jeremy,White,jeremy_white@example.com,6988697813
500461,vliidrhden,Emma,Dixon,emma_dixon@example.com,6950077076
500462,orlynkcdfc,Arthur,Chacon,arthur_chacon@example.com,6992621972
500463,xpofmnuuwd,Sallie,Smith,sallie_smith@example.com,6956514505
500464,ngzfatjiwe,Patricia,Naone,patricia_naone@example.com,6928814499
500465,jzfocgdusq,Howard,Miller,howard_miller@example.com,6943084946
500466,dyeicavxhs,Abel,Cole,abel_cole@example.com,6994553373
500467,ofszzixkmv,Christina,Lee,christina_lee@example.com,6962697941
500468,ksbheipxad,Ronda,Picard,ronda_picard@example.com,6963315971
500469,iqxzsdrmoa,Florida,Gray,florida_gray@example.com,6985441682
500470,yjgkgehdse,Jimmy,Garcia,jimmy_garcia@example.com,6929299261
500471,ofdrgrilmz,Olympia,Hankins,olympia_hankins@example.com,6929302206
500472,lvvcbamkug,Yvonne,Noriega,yvonne_noriega@example.com,6922919455
500473,fwgnlmgrdm,Dorothy,Harper,dorothy_harper@example.com,6985676883
500474,wzmhfjppnm,Andrea,Larue,andrea_larue@example.com,6912624358
500475,mzhbwecqex,David,Ritchey,david_ritchey@example.com,6981962757
500476,aypqxkrgch,Andres,Scott,andres_scott@example.com,6911299529
500477,yanylpcdyh,Misty,Martin,misty_martin@example.com,6997152539
500478,vxylkvyvqj,Harley,Bray,harley_bray@example.com,6953801029
500479,aeomiqnrfu,Gary,Doyle,gary_doyle@example.com,6954404137
500480,tlrlshyijg,William,Mclean,william_mclean@example.com,6952283952
500481,fkxzdgqrzm,Rebecca,Bennett,rebecca_bennett@example.com,6983244951
500482,srfdmcevgn,Laura,Luchesi,laura_luchesi@example.com,6931155534
500483,pdsonjeiuh,Timothy,Hunt,timothy_hunt@example.com,6988458147
500484,qlmajbbyqb,Emory,Sandoval,emory_sandoval@example.com,6913347431
500485,dazdvdrtpo,Steven,Olsen,steven_olsen@example.com,6936166860
500486,vloojuhdbv,William,Givens,william_givens@example.com,6921551527
500487,fvnxgafzlf,Jason,Torres,jason_torres@example.com,6925508044
500488,iwqmgjzzck,Patrick,Small,patrick_small@example.com,6912524306
500489,zgfgxsgekb,Rita,Hale,rita_hale@example.com,6985441139
500490,yoplqwdqxl,Laurel,Weaver,laurel_weaver@example.com,6963902287
500491,sbyhfwnpsw,Melissa,Enoch,melissa_enoch@example.com,6977093064
500492,nulabbjtgc,Ruth,Breden,ruth_breden@example.com,6968505592
500493,ltvyxutowf,Betty,Rockett,betty_rockett@example.com,6983679078
500494,wqtfmihzci,Leslie,Owen,leslie_owen@example.com,6903507235
500495,bjraegwbqb,Jessie,Whitley,jessie_whitley@example.com,6998271391
500496,txtyvdewbw,Gwendolyn,Mullins,gwendolyn_mullins@example.com,6918035882
500497,junvlaysfn,Alice,Oliver,alice_oliver@example.com,6906135764
500498,pxzkoltsju,Annette,Moreno,annette_moreno@example.com,6993743291
500499,kwbljvadzw,Beverly,Gibson,beverly_gibson@example.com,6982649144
